,Rank,Epidemics/pandemics,Disease,Death toll,Global population lost,Regional population lost,Date,Location
0,1,Black Death,Bubonic plague,75–200 million,17–54%[a],30–60% of European population[5],1346–1353,"Europe, Asia, and North Africa"
1,2,Spanish flu,Influenza A/H1N1,17–100 million,1–5.4%[6][7],–,1918–1920,Worldwide
2,3,Plague of Justinian,Bubonic plague,15–100 million,7–56%[a],25–60% of European population[8],541–549,"North Africa, Europe and Western Asia"
3,4,HIV/AIDS epidemic,HIV/AIDS,42 million (as of 2023,[b],–,1981–present,Worldwide
4,5,COVID-19 pandemic,COVID-19,6.9–28.3 million (as of April 2023,0.1–0.4%[3],–,2019[c]–present,Worldwide
5,6,Third plague pandemic,Bubonic plague,12–15 million,[b],–,1855–1960,Worldwide
6,7,Cocoliztli epidemic of 1545–1548,"Cocoliztli, caused by an unidentified pathogen",5–15 million,1–3%[a],27–80% of Mexican population[10],1545–1548,Mexico
7,8,Antonine Plague,Smallpox or measles,5–10 million,3–6%[4],25–33% of Roman population[11],165–180 (possibly up to 190),Roman Empire
8,9,1520 Mexico smallpox epidemic,Smallpox,5–8 million,1–2%[a],23–37% of Mexican population[10],1519–1520,Mexico
9,10,1918–1922 Russia typhus epidemic,Typhus,2–3 million,0.1–0.16%[7][d],1–1.6% of Russian population[12],1918–1922,Russia
10,11,1957–1958 influenza pandemic,Influenza A/H2N2,1–4 million,0.03–0.1%[3],–,1957–1958,Worldwide
11,12,Hong Kong flu,Influenza A/H3N2,1–4 million,0.03–0.1%[3],–,1968–1969,Worldwide
12,13,Cocoliztli epidemic of 1576,Cocoliztli,2–2.5 million,0.4–0.5%[4],50% of Mexican population[10],1576–1580,Mexico
13,14,735–737 Japanese smallpox epidemic,Smallpox,2 million,1%[4],33% of Japanese population[13],735–737,Japan
14,15,1772–1773 Persian Plague,Bubonic plague,2 million,0.2–0.3%[4],[e],1772–1773,Persia
15,16,Naples Plague,Bubonic plague,1.25 million,0.2%[4],[e],1656–1658,Southern Italy
16,17,1846–1860 cholera pandemic,Cholera,1 million+,0.08%[4],–,1846–1860,Worldwide
17,18,1629–1631 Italian plague,Bubonic plague,1 million,0.2%[4],[e],1629–1631,Italy
18,19,1889–1890 flu pandemic,Influenza (disputed)[14][15],1 million,0.07%[4],–,1889−1890,–
